{
    "n_components": 14,
    "explained_variance_ratio": [
        0.23620501704072722,
        0.14431253160286736,
        0.10494462026865997,
        0.06486928520573942,
        0.06391679162005705,
        0.06298967764067234,
        0.05279295361446534,
        0.05103850425535539,
        0.040240043601990606,
        0.03720861497186125,
        0.0338905380541729,
        0.03095992388745645,
        0.026077274248667504,
        0.021629396317455286
    ],
    "total_variance_explained": 0.9710751723301481,
    "original_features": [
        "lotSize",
        "age",
        "landValue",
        "livingArea",
        "pctCollege",
        "bedrooms",
        "fireplaces",
        "bathrooms",
        "rooms",
        "heating_hot air",
        "heating_hot water/steam",
        "fuel_gas",
        "fuel_oil",
        "sewer_public/commercial",
        "sewer_septic",
        "waterfront_Yes",
        "newConstruction_Yes",
        "centralAir_Yes"
    ],
    "pca_features": [
        "PC1",
        "PC2",
        "PC3",
        "PC4",
        "PC5",
        "PC6",
        "PC7",
        "PC8",
        "PC9",
        "PC10",
        "PC11",
        "PC12",
        "PC13",
        "PC14"
    ]
}