feature_post_pre,beta_post_pre
(intercepto),-68.8791397576299
Age,-13.181866759777549
Unit_Price,723.0365050379681
Quantity,11734.801560191308
Discount_Amount,14.10102206268755
Session_Duration_Minutes,966.1550306266631
Pages_Viewed,-9.160759051166904
Delivery_Time_Days,-133.6943577973291
Customer_Rating,4.491782566888177
