modelo,R2,RMSE,MAE
OLS,0.5038629133578201,1371.6581931811868,533.0901578558772
Ridge,0.5008089058098546,1375.8733867700073,521.6228053885055
ElasticNet,0.5001157861300232,1376.828245672201,520.3153560179004
Lasso,0.495755405581897,1382.8200933141425,513.3877408467056
