modelo,mse,rmse,mae,r2
LinearRegression,582051.8853148913,762.9232499504071,484.17389359954336,0.7329708080395487
RandomForestRegressor,6066.713918300841,77.88911296388501,20.774192499999913,0.9972167606422533
