modelo,mse,rmse,mae,r2
LinearRegression,582051.8853148912,762.923249950407,484.17389359954336,0.7329708080395487
RandomForestRegressor,6066.7139183008485,77.88911296388507,20.774192499999916,0.9972167606422533
