modelo,R2,RMSE,MAE
Lasso,0.6402008227706408,53607.80881413557,40053.034728906096
Ridge,0.6378531871521869,53782.41590842074,40284.26494797684
ElasticNet,0.6375999983220424,53801.213157591796,40245.97163940527
OLS,0.6366758627712676,53869.7671822696,40406.711645091185
