feature_post_pre,beta_post_pre
(intercepto),156642.73375089973
lotSize,69714.97212365625
age,-2731.858005118028
landValue,25534.445911940948
livingArea,166477.1386036168
pctCollege,-55.83505996274469
bedrooms,-4265.964757878201
fireplaces,5432.108342713362
bathrooms,24029.479671359317
rooms,16149.744823399129
