mse,rmse,mae,r2
1322155.0259855383,1149.8500015156492,338.4001196,0.6513479136113756
